cpu_usage,memory_usage,disk_pressure,pod_restart_count,node_failure
48.17463321765562,66.64650188058374,0,7,0
70.30668792776802,93.50819668398515,1,1,1
21.22672101709761,58.55672542859178,0,9,1
64.20507452332242,33.27456954753151,1,9,0
12.75277674577687,40.947381224958214,1,3,1
45.04174765152745,24.37010598970135,1,0,0
90.02539266383006,47.98185861866178,1,7,0
67.87702782416814,62.158463381019565,1,4,0
25.141682070323682,81.73117676827145,0,5,0
83.48981483613352,52.124556151306,0,8,1
